<APP>INFOR</APP>	
<CATEGORY>Expense Management</CATEGORY>	
<SUBCATEGORY>Expense Reports</SUBCATEGORY>	
<CODE>Expense_Report</CODE>	
<DESCRIPTION>Expense Report</DESCRIPTION>	


<TABLE_LIST>
	<TABLE>
		<TABLE_NAME>ALER_EXPENSE_EXPORT_HEADER</TABLE_NAME>
		<ASSOCIATED_COLUMNS>
			<COLUMN>
				<NAME>ER_EMPLOYEE_NUMBER</NAME>
				<DESCRIPTION/>
				<PRE_COMPUTED_COLUMN_NAME>ALER_EXPENSE_EXPORT_HEADER.ER_EMPLOYEE_NUMBER</PRE_COMPUTED_COLUMN_NAME>
			</COLUMN>
			<COLUMN>
				<NAME>ER_USER_FULL_NAME</NAME>
				<DESCRIPTION/>
				<PRE_COMPUTED_COLUMN_NAME>ALER_EXPENSE_EXPORT_HEADER.ER_USER_FULL_NAME</PRE_COMPUTED_COLUMN_NAME>
			</COLUMN>
			<COLUMN>
				<NAME>ER_DOCUMENT_ID</NAME>
				<DESCRIPTION/>
				<PRE_COMPUTED_COLUMN_NAME>ALER_EXPENSE_EXPORT_HEADER.ER_DOCUMENT_ID</PRE_COMPUTED_COLUMN_NAME>
			</COLUMN>
		</ASSOCIATED_COLUMNS>
	</TABLE>
	<TABLE>
		<TABLE_NAME>ALER_EXPENSE_REPORT</TABLE_NAME>
		<ASSOCIATED_COLUMNS>
			<COLUMN>
				<NAME>ENVELOPE_ID</NAME>
				<DESCRIPTION/>
				<PRE_COMPUTED_COLUMN_NAME>ALER_EXPENSE_REPORT.ENVELOPE_ID</PRE_COMPUTED_COLUMN_NAME>
			</COLUMN>
			<COLUMN>
				<NAME>EXP_REP_TITLE</NAME>
				<DESCRIPTION/>
				<PRE_COMPUTED_COLUMN_NAME>ALER_EXPENSE_REPORT.EXP_REP_TITLE</PRE_COMPUTED_COLUMN_NAME>
			</COLUMN>
			<COLUMN>
				<NAME>TOTAL_EXPENSE</NAME>
				<DESCRIPTION/>
				<PRE_COMPUTED_COLUMN_NAME>ALER_EXPENSE_REPORT.TOTAL_EXPENSE</PRE_COMPUTED_COLUMN_NAME>
			</COLUMN>
			<COLUMN>
				<NAME>AUTH_AMT</NAME>
				<DESCRIPTION/>
				<PRE_COMPUTED_COLUMN_NAME>ALER_EXPENSE_REPORT.AUTH_AMT</PRE_COMPUTED_COLUMN_NAME>
			</COLUMN>
			<COLUMN>
				<NAME>EXP_REP_DATE_CREATED</NAME>
				<DESCRIPTION/>
				<PRE_COMPUTED_COLUMN_NAME>ALER_EXPENSE_REPORT.EXP_REP_DATE_CREATED</PRE_COMPUTED_COLUMN_NAME>
			</COLUMN>
			<COLUMN>
				<NAME>EXP_REP_DATE_FILED</NAME>
				<DESCRIPTION/>
				<PRE_COMPUTED_COLUMN_NAME>ALER_EXPENSE_REPORT.EXP_REP_DATE_FILED</PRE_COMPUTED_COLUMN_NAME>
			</COLUMN>
			<COLUMN>
				<NAME>EXP_REP_DATA_ID</NAME>
				<DESCRIPTION/>
				<PRE_COMPUTED_COLUMN_NAME>ALER_EXPENSE_REPORT.EXP_REP_DATA_ID</PRE_COMPUTED_COLUMN_NAME>
			</COLUMN>
		</ASSOCIATED_COLUMNS>
	</TABLE>
	<TABLE>
		<TABLE_NAME>ALER_EXPENSE_LINE_ITEM</TABLE_NAME>
		<ASSOCIATED_COLUMNS>
			<COLUMN>
				<NAME>PARENT_ID</NAME>
				<DESCRIPTION/>
				<PRE_COMPUTED_COLUMN_NAME>ALER_EXPENSE_LINE_ITEM.PARENT_ID</PRE_COMPUTED_COLUMN_NAME>
			</COLUMN>
			<COLUMN>
				<NAME>EXP_LINE_ITEM_ID</NAME>
				<DESCRIPTION/>
				<PRE_COMPUTED_COLUMN_NAME>ALER_EXPENSE_LINE_ITEM.EXP_LINE_ITEM_ID</PRE_COMPUTED_COLUMN_NAME>
			</COLUMN>
			<COLUMN>
				<NAME>EXPENSE_ACCOUNT_ID</NAME>
				<DESCRIPTION/>
				<PRE_COMPUTED_COLUMN_NAME>ALER_EXPENSE_LINE_ITEM.EXPENSE_ACCOUNT_ID</PRE_COMPUTED_COLUMN_NAME>
			</COLUMN>
			<COLUMN>
				<NAME>EXPENSE_ITEM_DATE</NAME>
				<DESCRIPTION/>
				<PRE_COMPUTED_COLUMN_NAME>ALER_EXPENSE_LINE_ITEM.EXPENSE_ITEM_DATE</PRE_COMPUTED_COLUMN_NAME>
			</COLUMN>
			<COLUMN>
				<NAME>ERLI_AMT_PAID</NAME>
				<DESCRIPTION/>
				<PRE_COMPUTED_COLUMN_NAME>ALER_EXPENSE_LINE_ITEM.ERLI_AMT_PAID</PRE_COMPUTED_COLUMN_NAME>
			</COLUMN>
			<COLUMN>
				<NAME>ERLI_NATIVE_AMT</NAME>
				<DESCRIPTION/>
				<PRE_COMPUTED_COLUMN_NAME>ALER_EXPENSE_LINE_ITEM.ERLI_NATIVE_AMT</PRE_COMPUTED_COLUMN_NAME>
			</COLUMN>
			<COLUMN>
				<NAME>EXPENSE_DESCRIPTION</NAME>
				<DESCRIPTION/>
				<PRE_COMPUTED_COLUMN_NAME>ALER_EXPENSE_LINE_ITEM.EXPENSE_DESCRIPTION</PRE_COMPUTED_COLUMN_NAME>
			</COLUMN>
			<COLUMN>
				<NAME>IS_ITEMIZED</NAME>
				<DESCRIPTION/>
				<PRE_COMPUTED_COLUMN_NAME>ALER_EXPENSE_LINE_ITEM.IS_ITEMIZED</PRE_COMPUTED_COLUMN_NAME>
			</COLUMN>
			<COLUMN>
				<NAME>EXPENSE_TYPE_ID</NAME>
				<DESCRIPTION/>
				<PRE_COMPUTED_COLUMN_NAME>ALER_EXPENSE_LINE_ITEM.EXPENSE_TYPE_ID</PRE_COMPUTED_COLUMN_NAME>
			</COLUMN>
			<COLUMN>
				<NAME>PAYMENT_TYPE_ID</NAME>
				<DESCRIPTION/>
				<PRE_COMPUTED_COLUMN_NAME>ALER_EXPENSE_LINE_ITEM.PAYMENT_TYPE_ID</PRE_COMPUTED_COLUMN_NAME>
			</COLUMN>
		</ASSOCIATED_COLUMNS>
	</TABLE>
	<TABLE>
		<TABLE_NAME>ALER_EXPENSE_EXPORT_LINE</TABLE_NAME>
		<ASSOCIATED_COLUMNS>
			<COLUMN>
				<NAME>EXLI_EXP_LINE_ITEM_ID</NAME>
				<DESCRIPTION/>
				<PRE_COMPUTED_COLUMN_NAME>ALER_EXPENSE_EXPORT_LINE.EXLI_EXP_LINE_ITEM_ID</PRE_COMPUTED_COLUMN_NAME>
			</COLUMN>
			<COLUMN>
				<NAME>EXLI_EXPENSE_TYPE_LABEL</NAME>
				<DESCRIPTION/>
				<PRE_COMPUTED_COLUMN_NAME>ALER_EXPENSE_EXPORT_LINE.EXLI_EXPENSE_TYPE_LABEL</PRE_COMPUTED_COLUMN_NAME>
			</COLUMN>
			<COLUMN>
				<NAME>EXLI_ALLOC_COST_CENTER_NAME</NAME>
				<DESCRIPTION/>
				<PRE_COMPUTED_COLUMN_NAME>ALER_EXPENSE_EXPORT_LINE.EXLI_ALLOC_COST_CENTER_NAME</PRE_COMPUTED_COLUMN_NAME>
			</COLUMN>
			<COLUMN>
				<NAME>EXLI_EXPENSE_ITEM_DATE</NAME>
				<DESCRIPTION/>
				<PRE_COMPUTED_COLUMN_NAME>ALER_EXPENSE_EXPORT_LINE.EXLI_EXPENSE_ITEM_DATE</PRE_COMPUTED_COLUMN_NAME>
			</COLUMN>
			<COLUMN>
				<NAME>EXLI_PAYMENT_TYPE_LABEL</NAME>
				<DESCRIPTION/>
				<PRE_COMPUTED_COLUMN_NAME>ALER_EXPENSE_EXPORT_LINE.EXLI_PAYMENT_TYPE_LABEL</PRE_COMPUTED_COLUMN_NAME>
			</COLUMN>
			<COLUMN>
				<NAME>EXLI_ALLOC_NATIVE_AMT</NAME>
				<DESCRIPTION/>
				<PRE_COMPUTED_COLUMN_NAME>ALER_EXPENSE_EXPORT_LINE.EXLI_ALLOC_NATIVE_AMT</PRE_COMPUTED_COLUMN_NAME>
			</COLUMN>
		</ASSOCIATED_COLUMNS>
	</TABLE>
	<TABLE>
		<TABLE_NAME>ALCO_EXPENSE_ACCOUNT</TABLE_NAME>
		<ASSOCIATED_COLUMNS>
			<COLUMN>
				<NAME>EXPENSE_ACCOUNT_ID</NAME>
				<DESCRIPTION/>
				<PRE_COMPUTED_COLUMN_NAME>ALCO_EXPENSE_ACCOUNT.EXPENSE_ACCOUNT_ID</PRE_COMPUTED_COLUMN_NAME>
			</COLUMN>
			<COLUMN>
				<NAME>TD_GL_ACCOUNT</NAME>
				<DESCRIPTION/>
				<PRE_COMPUTED_COLUMN_NAME>ALCO_EXPENSE_ACCOUNT.TD_GL_ACCOUNT</PRE_COMPUTED_COLUMN_NAME>
			</COLUMN>
		</ASSOCIATED_COLUMNS>
	</TABLE>
	<TABLE>
		<TABLE_NAME>ALCO_GUEST_WRAPPER</TABLE_NAME>
		<ASSOCIATED_COLUMNS>
			<COLUMN>
				<NAME>PARENT_ID</NAME>
				<DESCRIPTION/>
				<PRE_COMPUTED_COLUMN_NAME>ALCO_GUEST_WRAPPER.PARENT_ID</PRE_COMPUTED_COLUMN_NAME>
			</COLUMN>
			<COLUMN>
				<NAME>GUEST_ID</NAME>
				<DESCRIPTION/>
				<PRE_COMPUTED_COLUMN_NAME>ALCO_GUEST_WRAPPER.GUEST_ID</PRE_COMPUTED_COLUMN_NAME>
			</COLUMN>
		</ASSOCIATED_COLUMNS>
	</TABLE>
	<TABLE>
		<TABLE_NAME>ALCO_GUEST</TABLE_NAME>
		<ASSOCIATED_COLUMNS>
			<COLUMN>
				<NAME>GUEST_ID</NAME>
				<DESCRIPTION/>
				<PRE_COMPUTED_COLUMN_NAME>ALCO_GUEST.GUEST_ID</PRE_COMPUTED_COLUMN_NAME>
			</COLUMN>
			<COLUMN>
				<NAME>FIRST_NAME</NAME>
				<DESCRIPTION/>
				<PRE_COMPUTED_COLUMN_NAME>ALCO_GUEST.FIRST_NAME</PRE_COMPUTED_COLUMN_NAME>
			</COLUMN>
			<COLUMN>
				<NAME>LAST_NAME</NAME>
				<DESCRIPTION/>
				<PRE_COMPUTED_COLUMN_NAME>ALCO_GUEST.LAST_NAME</PRE_COMPUTED_COLUMN_NAME>
			</COLUMN>
			<COLUMN>
				<NAME>COMPANY</NAME>
				<DESCRIPTION/>
				<PRE_COMPUTED_COLUMN_NAME>ALCO_GUEST.COMPANY</PRE_COMPUTED_COLUMN_NAME>
			</COLUMN>
			<COLUMN>
				<NAME>TITLE</NAME>
				<DESCRIPTION/>
				<PRE_COMPUTED_COLUMN_NAME>ALCO_GUEST.TITLE</PRE_COMPUTED_COLUMN_NAME>
			</COLUMN>
		</ASSOCIATED_COLUMNS>
	</TABLE>
	<TABLE>
		<TABLE_NAME>ALBR_BR_VIOLATION</TABLE_NAME>
		<ASSOCIATED_COLUMNS>
			<COLUMN>
				<NAME>BRV_BOB_UID</NAME>
				<DESCRIPTION/>
				<PRE_COMPUTED_COLUMN_NAME>ALBR_BR_VIOLATION.BRV_BOB_UID</PRE_COMPUTED_COLUMN_NAME>
			</COLUMN>
			<COLUMN>
				<NAME>BRV_EXPLANATION</NAME>
				<DESCRIPTION/>
				<PRE_COMPUTED_COLUMN_NAME>ALBR_BR_VIOLATION.BRV_EXPLANATION</PRE_COMPUTED_COLUMN_NAME>
			</COLUMN>
			<COLUMN>
				<NAME>DOC_ID</NAME>
				<DESCRIPTION/>
				<PRE_COMPUTED_COLUMN_NAME>ALBR_BR_VIOLATION.DOC_ID</PRE_COMPUTED_COLUMN_NAME>
			</COLUMN>
		</ASSOCIATED_COLUMNS>
	</TABLE>
	<TABLE>
		<TABLE_NAME>ALCO_NOTE_ENTRY</TABLE_NAME>
		<ASSOCIATED_COLUMNS>
			<COLUMN>
				<NAME>PARENT_ID</NAME>
				<DESCRIPTION/>
				<PRE_COMPUTED_COLUMN_NAME>ALCO_NOTE_ENTRY.PARENT_ID</PRE_COMPUTED_COLUMN_NAME>
			</COLUMN>
			<COLUMN>
				<NAME>NOTE_DATETIME</NAME>
				<DESCRIPTION/>
				<PRE_COMPUTED_COLUMN_NAME>ALCO_NOTE_ENTRY.NOTE_DATETIME</PRE_COMPUTED_COLUMN_NAME>
			</COLUMN>
			<COLUMN>
				<NAME>MESSAGE_TEXT</NAME>
				<DESCRIPTION/>
				<PRE_COMPUTED_COLUMN_NAME>ALCO_NOTE_ENTRY.MESSAGE_TEXT</PRE_COMPUTED_COLUMN_NAME>
			</COLUMN>
			<COLUMN>
				<NAME>USER_ID</NAME>
				<DESCRIPTION/>
				<PRE_COMPUTED_COLUMN_NAME>ALCO_NOTE_ENTRY.USER_ID</PRE_COMPUTED_COLUMN_NAME>
			</COLUMN>
		</ASSOCIATED_COLUMNS>
	</TABLE>
	<TABLE>
		<TABLE_NAME>ALCO_USER</TABLE_NAME>
		<ASSOCIATED_COLUMNS>
			<COLUMN>
				<NAME>USER_ID</NAME>
				<DESCRIPTION/>
				<PRE_COMPUTED_COLUMN_NAME>ALCO_USER.USER_ID</PRE_COMPUTED_COLUMN_NAME>
			</COLUMN>
			<COLUMN>
				<NAME>USER_FULL_NAME</NAME>
				<DESCRIPTION/>
				<PRE_COMPUTED_COLUMN_NAME>ALCO_USER.USER_FULL_NAME</PRE_COMPUTED_COLUMN_NAME>
			</COLUMN>
		</ASSOCIATED_COLUMNS>
	</TABLE>
	<TABLE>
		<TABLE_NAME>ALCO_EXPENSE_TYPE</TABLE_NAME>
		<ASSOCIATED_COLUMNS>
			<COLUMN>
				<NAME>EXPENSE_TYPE_ID</NAME>
				<DESCRIPTION/>
				<PRE_COMPUTED_COLUMN_NAME>ALCO_EXPENSE_TYPE.EXPENSE_TYPE_ID</PRE_COMPUTED_COLUMN_NAME>
			</COLUMN>
			<COLUMN>
				<NAME>EXPENSE_TYPE_LABEL</NAME>
				<DESCRIPTION/>
				<PRE_COMPUTED_COLUMN_NAME>ALCO_EXPENSE_TYPE.EXPENSE_TYPE_LABEL</PRE_COMPUTED_COLUMN_NAME>
			</COLUMN>
		</ASSOCIATED_COLUMNS>
	</TABLE>
	<TABLE>
		<TABLE_NAME>ALCO_PAYMENT_TYPE</TABLE_NAME>
		<ASSOCIATED_COLUMNS>
			<COLUMN>
				<NAME>PAYMENT_TYPE_ID</NAME>
				<DESCRIPTION/>
				<PRE_COMPUTED_COLUMN_NAME>ALCO_PAYMENT_TYPE.PAYMENT_TYPE_ID</PRE_COMPUTED_COLUMN_NAME>
			</COLUMN>
			<COLUMN>
				<NAME>PAYMENT_TYPE_LABEL</NAME>
				<DESCRIPTION/>
				<PRE_COMPUTED_COLUMN_NAME>ALCO_PAYMENT_TYPE.PAYMENT_TYPE_LABEL</PRE_COMPUTED_COLUMN_NAME>
			</COLUMN>
		</ASSOCIATED_COLUMNS>
	</TABLE>
	<TABLE>
		<TABLE_NAME>ALCO_RECEIPTS</TABLE_NAME>
		<ASSOCIATED_COLUMNS>
			<COLUMN>
				<NAME>TRACKING_NUMBER</NAME>
				<DESCRIPTION/>
				<PRE_COMPUTED_COLUMN_NAME>ALCO_RECEIPTS.TRACKING_NUMBER</PRE_COMPUTED_COLUMN_NAME>
			</COLUMN>
			<COLUMN>
				<NAME>RECEIPT_NAME</NAME>
				<DESCRIPTION/>
				<PRE_COMPUTED_COLUMN_NAME>ALCO_RECEIPTS.RECEIPT_NAME</PRE_COMPUTED_COLUMN_NAME>
			</COLUMN>
			<COLUMN>
				<NAME>DATE_CREATED</NAME>
				<DESCRIPTION/>
				<PRE_COMPUTED_COLUMN_NAME>ALCO_RECEIPTS.DATE_CREATED</PRE_COMPUTED_COLUMN_NAME>
			</COLUMN>
			<COLUMN>
				<NAME>IMAGE</NAME>
				<DESCRIPTION/>
				<PRE_COMPUTED_COLUMN_NAME>ALCO_RECEIPTS.IMAGE</PRE_COMPUTED_COLUMN_NAME>
			</COLUMN>
		</ASSOCIATED_COLUMNS>
	</TABLE>
</TABLE_LIST>
